{"cameraMode":{"drawMode":0,"name":"Shaded","section":"Shading Mode"},"sceneLighting":true,"audioPlay":false,"sceneViewState":{"showFog":true,"showMaterialUpdate":false,"showSkybox":true,"showFlares":true,"showImageEffects":true,"showParticleSystems":true},"in2DMode":false,"pivot":{"x":3.6508185863494875,"y":1.6250137090682984,"z":-2.560373067855835},"rotation":{"x":-0.04797188192605972,"y":0.938541829586029,"z":-0.3092636168003082,"w":-0.14558148384094239},"size":0.014434830285608769,"orthographic":false}