{"cameraMode":{"drawMode":0,"name":"Shaded","section":"Shading Mode"},"sceneLighting":true,"audioPlay":false,"sceneViewState":{"showFog":true,"showMaterialUpdate":false,"showSkybox":true,"showFlares":true,"showImageEffects":true,"showParticleSystems":true},"in2DMode":false,"pivot":{"x":1.8704568147659302,"y":-0.32153749465942385,"z":0.2640209197998047},"rotation":{"x":-0.2496306151151657,"y":-0.009288063272833825,"z":0.002395025920122862,"w":-0.9682936668395996},"size":12.257347106933594,"orthographic":false}